{
	"format_version": "1.8.0",
	"animations": {
		"axolotl_3_run": {
			"loop": true,
			"animation_length": 0.625,
			"bones": {
				"head": {
					"position": {
						"0.0": {
							"vector": [0, -0.3, 0]
						},
						"0.125": {
							"vector": [-0.4, 0.2, 0]
						},
						"0.2917": {
							"vector": [0, -0.3, 0]
						},
						"0.4167": {
							"vector": [0.4, 0, 0]
						},
						"0.625": {
							"vector": [0, -0.3, 0]
						}
					}
				},
				"torso": {
					"rotation": {
						"0.0": {
							"vector": [10.34878, -17.3259, -1.35401]
						},
						"0.125": {
							"vector": [14.91609, 1.92125, -2.50141]
						},
						"0.2917": {
							"vector": [10.47634, 22.32446, 1.39731]
						},
						"0.4167": {
							"vector": [15.10912, 2.49762, 2.50238]
						},
						"0.625": {
							"vector": [10.34878, -17.3259, -1.35401]
						}
					},
					"position": {
						"0.0": {
							"vector": [0, -0.2, 0]
						},
						"0.125": {
							"vector": [-0.5, 0.3, 0]
						},
						"0.2917": {
							"vector": [0, -0.3, 0]
						},
						"0.4167": {
							"vector": [0.4, 0.15, 0]
						},
						"0.625": {
							"vector": [0, 0, 0]
						}
					}
				},
				"rightArm": {
					"rotation": {
						"0.0": {
							"vector": [9.26137, -7.0371, 7.11081]
						},
						"0.2917": {
							"vector": [-39.95392, 1.08089, 4.88206]
						},
						"0.625": {
							"vector": [9.26137, -7.0371, 7.11081]
						}
					},
					"position": {
						"0.0": {
							"vector": [1, 0, 0.7]
						},
						"0.2917": {
							"vector": [1, 0, -0.4]
						},
						"0.625": {
							"vector": [1, 0, 0.7]
						}
					}
				},
				"leftArm": {
					"rotation": {
						"0.0": {
							"vector": [-44.93745, -1.50179, -4.76968]
						},
						"0.2917": {
							"vector": [4.2688, 6.39247, -7.69495]
						},
						"0.625": {
							"vector": [-44.93745, -1.50179, -4.76968]
						}
					},
					"position": {
						"0.0": {
							"vector": [-1, 0, -1]
						},
						"0.2917": {
							"vector": [-1.13, 0, 0]
						},
						"0.625": {
							"vector": [-1, 0, -1]
						}
					}
				},
				"rightLeg": {
					"rotation": {
						"0.0": {
							"vector": [-22.5, 0, 0]
						},
						"0.125": {
							"vector": [0, 0, 0]
						},
						"0.2917": {
							"vector": [17.5, 0, 0]
						},
						"0.4167": {
							"vector": [-2.59843, -0.06467, 2.2951]
						},
						"0.625": {
							"vector": [-22.5, 0, 0]
						}
					},
					"position": {
						"0.0": {
							"vector": [0, 0, 2.2]
						},
						"0.125": {
							"vector": [0, 0, 3]
						},
						"0.2917": {
							"vector": [0, 0, 3.5]
						},
						"0.4167": {
							"vector": [0, 2, 1.88]
						},
						"0.625": {
							"vector": [0, 0, 2.2]
						}
					}
				},
				"leftLeg": {
					"rotation": {
						"0.0": {
							"vector": [17.5, 0, 0]
						},
						"0.2917": {
							"vector": [-27.5, 0, 0]
						},
						"0.625": {
							"vector": [17.5, 0, 0]
						}
					},
					"position": {
						"0.0": {
							"vector": [0, 0, 2.6]
						},
						"0.125": {
							"vector": [0, 2, 2.6]
						},
						"0.2917": {
							"vector": [0, 0, 2.2]
						},
						"0.4167": {
							"vector": [0, 0, 4.2]
						},
						"0.625": {
							"vector": [0, 0, 2.6]
						}
					}
				}
			}
		}
	},
	"azurelib_format_version": 2
}