{
	"format_version": "1.8.0",
	"animations": {
		"axolotl_3_walk": {
			"loop": true,
			"animation_length": 0.72,
			"bones": {
				"torso": {
					"rotation": {
						"0.0": {
							"vector": [5, -12.5, 0]
						},
						"0.16": {
							"vector": [4.91609, 1.92125, -2.50141]
						},
						"0.32": {
							"vector": [5, 17.5, 0]
						},
						"0.48": {
							"vector": [5.10912, 2.49762, 2.50238]
						},
						"0.72": {
							"vector": [5, -12.5, 0]
						}
					},
					"position": {
						"0.0": {
							"vector": [0, -0.2, 0]
						},
						"0.16": {
							"vector": [-0.5, 0.3, 0]
						},
						"0.32": {
							"vector": [0, -0.3, 0]
						},
						"0.48": {
							"vector": [0.4, 0.15, 0]
						},
						"0.72": {
							"vector": [0, 0, 0]
						}
					}
				},
				"head": {
					"position": {
						"0.0": {
							"vector": [0, -0.3, 0]
						},
						"0.16": {
							"vector": [-0.4, 0.2, 0]
						},
						"0.32": {
							"vector": [0, -0.3, 0]
						},
						"0.48": {
							"vector": [0.4, 0, 0]
						},
						"0.72": {
							"vector": [0, -0.3, 0]
						}
					}
				},
				"rightArm": {
					"rotation": {
						"0.0": {
							"vector": [22.48072, -0.95645, 2.30991]
						},
						"0.32": {
							"vector": [-12.45392, 1.08089, 4.88206]
						},
						"0.72": {
							"vector": [22.48072, -0.95645, 2.30991]
						}
					},
					"position": {
						"0.0": {
							"vector": [0, 0, -1.3]
						},
						"0.32": {
							"vector": [0, 0, -0.4]
						},
						"0.48": {
							"vector": [0.4, 0, -0.93]
						},
						"0.72": {
							"vector": [0, 0, -1.3]
						}
					}
				},
				"leftArm": {
					"rotation": {
						"0.0": {
							"vector": [-17.43745, -1.50179, -4.76968]
						},
						"0.32": {
							"vector": [24.97911, 1.05627, -2.26603]
						},
						"0.72": {
							"vector": [-17.43745, -1.50179, -4.76968]
						}
					},
					"position": {
						"0.0": {
							"vector": [0, 0, -1]
						},
						"0.16": {
							"vector": [-0.2, 0, -1]
						},
						"0.72": {
							"vector": [0, 0, -1]
						}
					}
				},
				"rightLeg": {
					"rotation": {
						"0.0": {
							"vector": [-22.5, 0, 0]
						},
						"0.16": {
							"vector": [0, 0, 0]
						},
						"0.32": {
							"vector": [17.5, 0, 0]
						},
						"0.48": {
							"vector": [-2.59843, -0.06467, 2.2951]
						},
						"0.72": {
							"vector": [-22.5, 0, 0]
						}
					},
					"position": {
						"0.0": {
							"vector": [0, 0, 1.2]
						},
						"0.16": {
							"vector": [0, 0, 1]
						},
						"0.32": {
							"vector": [0, 0, 1.5]
						},
						"0.48": {
							"vector": [0, 2, 0.88]
						},
						"0.72": {
							"vector": [0, 0, 1.2]
						}
					}
				},
				"leftLeg": {
					"rotation": {
						"0.0": {
							"vector": [17.5, 0, 0]
						},
						"0.32": {
							"vector": [-27.5, 0, 0]
						},
						"0.72": {
							"vector": [17.5, 0, 0]
						}
					},
					"position": {
						"0.0": {
							"vector": [0, 0, 0.6]
						},
						"0.16": {
							"vector": [0, 2, 0.6]
						},
						"0.32": {
							"vector": [0, 0, 2.2]
						},
						"0.48": {
							"vector": [0, 0, 2.2]
						},
						"0.72": {
							"vector": [0, 0, 0.6]
						}
					}
				}
			}
		}
	}
}