{
	"format_version": "1.8.0",
	"animations": {
		"axolotl_3_walk": {
			"loop": true,
			"animation_length": 0.72,
			"bones": {
				"torso": {
					"rotation": {
						"0.0": {
							"vector": [5, -12.5, 0]
						},
						"0.16": {
							"vector": [4.91609, 1.92125, -2.50141]
						},
						"0.32": {
							"vector": [5, 17.5, 0]
						},
						"0.48": {
							"vector": [5.10912, 2.49762, 2.50238]
						},
						"0.72": {
							"vector": [5, -12.5, 0]
						}
					},
					"position": {
						"0.0": {
							"vector": [0, -0.2, 0]
						},
						"0.16": {
							"vector": [-0.5, 0.3, 0]
						},
						"0.32": {
							"vector": [0, -0.3, 0]
						},
						"0.48": {
							"vector": [0.4, 0.15, 0]
						},
						"0.72": {
							"vector": [0, 0, 0]
						}
					}
				},
				"head": {
					"position": {
						"0.0": {
							"vector": [0, -0.3, 0]
						},
						"0.16": {
							"vector": [-0.4, 0.2, 0]
						},
						"0.32": {
							"vector": [0, -0.3, 0]
						},
						"0.48": {
							"vector": [0.4, 0, 0]
						},
						"0.72": {
							"vector": [0, -0.3, 0]
						}
					}
				},
				"rightArm": {
					"rotation": {
						"0.0": {
							"vector": [32.48072, -0.95645, 2.30991]
						},
						"0.32": {
							"vector": [-37.18174, -4.99123, -3.07171]
						},
						"0.72": {
							"vector": [32.48072, -0.95645, 2.30991]
						}
					},
					"position": {
						"0.0": {
							"vector": [0, 0, -0.3]
						},
						"0.32": {
							"vector": [0, 0, 1.6]
						},
						"0.72": {
							"vector": [0, 0, -0.3]
						}
					}
				},
				"leftArm": {
					"rotation": {
						"0.0": {
							"vector": [-42.19554, 5.23983, 2.62437]
						},
						"0.32": {
							"vector": [34.97911, 1.05627, -2.26603]
						},
						"0.72": {
							"vector": [-42.19554, 5.23983, 2.62437]
						}
					},
					"position": {
						"0.0": {
							"vector": [0, 0, 1]
						},
						"0.32": {
							"vector": [-0.2, 0, 0]
						},
						"0.72": {
							"vector": [0, 0, 1]
						}
					}
				},
				"rightLeg": {
					"rotation": {
						"0.0": {
							"vector": [-23.21088, -13.83447, 5.85463]
						},
						"0.32": {
							"vector": [18.54835, 19.03771, 6.24605]
						},
						"0.72": {
							"vector": [-23.21088, -13.83447, 5.85463]
						}
					},
					"position": {
						"0.0": {
							"vector": [0, 0, 1.2]
						},
						"0.16": {
							"vector": [0, 0, 1]
						},
						"0.32": {
							"vector": [0, 0, 1.5]
						},
						"0.48": {
							"vector": [0, 2, 0.88]
						},
						"0.72": {
							"vector": [0, 0, 1.2]
						}
					}
				},
				"leftLeg": {
					"rotation": {
						"0.0": {
							"vector": [18.07779, -14.2906, -4.60659]
						},
						"0.32": {
							"vector": [-27.86082, 8.86042, -4.65468]
						},
						"0.72": {
							"vector": [18.07779, -14.2906, -4.60659]
						}
					},
					"position": {
						"0.0": {
							"vector": [0, 0, 0.6]
						},
						"0.16": {
							"vector": [0, 2, 0.6]
						},
						"0.32": {
							"vector": [0, 0, 1.2]
						},
						"0.48": {
							"vector": [0, 0, 1.2]
						},
						"0.72": {
							"vector": [0, 0, 0.6]
						}
					}
				}
			}
		}
	}
}