{
	"format_version": "1.8.0",
	"animations": {
		"bat_3_climb": {
			"loop": true,
			"animation_length": 0.5833,
			"bones": {
				"body": {
					"position": {
						"0.0": {
							"vector": [0, 0, 0]
						},
						"0.1667": {
							"vector": [0, -2, 1]
						},
						"0.375": {
							"vector": [0, 4, -0.33]
						},
						"0.5833": {
							"vector": [0, 0, 0]
						}
					}
				},
				"head": {
					"position": {
						"0.0": {
							"vector": [0, -6, 1]
						},
						"0.375": {
							"vector": [0, -5, 1]
						},
						"0.5833": {
							"vector": [0, -6, 1]
						}
					}
				},
				"torso": {
					"rotation": {
						"0.0": {
							"vector": [25, 0, 0]
						},
						"0.2083": {
							"vector": [20, 0, 0]
						},
						"0.375": {
							"vector": [17.5, 0, 0]
						},
						"0.5417": {
							"vector": [25, 0, 0]
						}
					},
					"position": {
						"0.0": {
							"vector": [0, -5, 1]
						},
						"0.2083": {
							"vector": [0, -5, 1]
						},
						"0.375": {
							"vector": [0, -4, 1]
						},
						"0.5417": {
							"vector": [0, -5, 1]
						}
					}
				},
				"rightArm": {
					"rotation": {
						"0.0": {
							"vector": [-87.83399, 17.05372, -3.07511]
						},
						"0.1667": {
							"vector": [-149.6753, 9.8053, 10.4388]
						},
						"0.375": {
							"vector": [-70.71509, 31.31162, 2.05449]
						},
						"0.5833": {
							"vector": [-87.83399, 17.05372, -3.07511]
						}
					},
					"position": {
						"0.0": {
							"vector": [3, -6, 0]
						},
						"0.2083": {
							"vector": [3, -5, -1]
						},
						"0.375": {
							"vector": [3, -6, 0]
						},
						"0.5833": {
							"vector": [3, -6, 0]
						}
					}
				},
				"leftArm": {
					"rotation": {
						"0.0": {
							"vector": [-87.83399, -17.05372, 3.07511]
						},
						"0.2083": {
							"vector": [-147.3171, -9.2537, -10.096]
						},
						"0.375": {
							"vector": [-70.71509, -31.31162, -2.05449]
						},
						"0.5833": {
							"vector": [-87.83399, -17.05372, 3.07511]
						}
					},
					"position": {
						"0.0": {
							"vector": [-3, -6, 0]
						},
						"0.2083": {
							"vector": [-3, -5, -1]
						},
						"0.375": {
							"vector": [-3, -6, 0]
						},
						"0.5833": {
							"vector": [-3, -6, 0]
						}
					}
				},
				"rightLeg": {
					"rotation": {
						"0.0": {
							"vector": [-17.17, -4, 9]
						},
						"0.0833": {
							"vector": [-29.66569, -4, 9]
						},
						"0.2917": {
							"vector": [-74.4387, 10.4639, 12.9911]
						},
						"0.5": {
							"vector": [-4.66569, -4, 9]
						},
						"0.5833": {
							"vector": [-17.17, -4, 9]
						}
					},
					"position": {
						"0.0": {
							"vector": [0, -1, 3]
						},
						"0.0833": {
							"vector": [0, 0, 4]
						},
						"0.25": {
							"vector": [0, -2, 4]
						},
						"0.5": {
							"vector": [0, -2, 2]
						},
						"0.5833": {
							"vector": [0, -1, 3]
						}
					}
				},
				"leftLeg": {
					"rotation": {
						"0.0": {
							"vector": [-19.67, 4, -9]
						},
						"0.0833": {
							"vector": [-29.66569, 4, -9]
						},
						"0.2083": {
							"vector": [-74.4387, -10.4639, -12.9911]
						},
						"0.4583": {
							"vector": [-4.66569, 4, -9]
						},
						"0.5833": {
							"vector": [-19.67, 4, -9]
						}
					},
					"position": {
						"0.0": {
							"vector": [0, -0.8, 3.2]
						},
						"0.0833": {
							"vector": [0, 0, 4]
						},
						"0.2083": {
							"vector": [0, -2, 4]
						},
						"0.4583": {
							"vector": [0, -2, 2]
						},
						"0.5833": {
							"vector": [0, -0.8, 3.2]
						}
					}
				}
			}
		}
	}
}